best fitness,solution,time,evals
0.9569718306034645,"[0.8143783652561133, 0.05055255333160835, 0.42473099903953115, 0.14532727635753984, 0.9678561106247469, 0.7140823008803966, 0.05703340467714835, 0.9279705458130475, 0.7641362670010725, 0.15151973920048178, 0.6631578568645627, 0.9397068427033424, 0.08776973437758917, 0.42509974891018243, 0.043721099595633306]",63.014620780944824,5
