best fitness,solution,time,evals
0.4753018665233082,"[0.4396179652890221, 0.46282325878586716, 0.5797345147300318, 1.0477886778489887, 0.11998055014527043, 0.6399726485971277, 0.4700402531829301, 0.7343039099162848, 0.8558152087408111, 0.38178793315029336, 0.6986708552559143, -0.1189377844324471, 0.9821591615258406, 0.4584685082084349, 0.725580063819299]",57.87255334854126,5
