best fitness,solution,time,evals
0.008955899265240852,"[0.7216788677985818, 0.271019852162731, 0.41245626871945673, 0.7593897411728241, 0.7390438020026711, 0.3814001076769292, 0.34134724717360876, 0.5902092762949124, 0.5449876285866924, 0.8791666913778694, 0.4014010749580963, 0.5396253660720995, 0.8484146033155002, 0.4668261968850683, 0.11066420454350179]",329.1302824020386,10
