best fitness,solution,time,evals
5000.0,"[0.41875939662079875, 0.16434959493905932, 0.34519934295444177, 0.3162281527852092, 0.9597362294785696, 0.01131794954642873, 0.48074498535569476, 0.8477133776057352, 0.5886577077624026, 0.5812629294673604]",2.6944191455841064,50
