best fitness,solution,time,evals
0.01417795705216092,"[0.8219196562835978, 0.5393035324842179, 0.6031704504179836, 0.5176248499206944, 0.5094367754460968, 0.21190113809579175, 0.8167525447997827, 0.9922111615986573, 0.4550687303928471, 1.0452035536141782, 0.8211245460339088, 1.1447600740964308, 0.5757879336225247, 0.4780591966444193, 0.7320948778427298]",134.080659866333,5
