{"pop_size": 10, "cxpb": 0.7, "mutpb": 0.3, "ngen": 2, "controller_module": "fis5r10p", "simulation": "rueda_trasera_fisopt", "runs": 2, "pop": [{"individuo": [0.1938370153569755, 0.5475451390359433, 0.7865155739200416, 0.05265750650038947, 0.8889335141745602, 0.4347244526037286, 0.3231765136440651, 0.8630531031244282, 0.18473726646822952, 0.6092355458041612], "score": 5000.0}, {"individuo": [0.2962356752090428, 0.6178035612943166, 0.7865155739200416, 0.05265750650038947, 0.6763193123176225, 0.38075780575718265, 0.3231765136440651, 0.591018537824562, 0.18473726646822952, 0.7996110592346932], "score": 