best fitness,solution,time,evals
0.010410975368516125,"[0.9119400403919495, 0.3290655125041244, 0.3551830166727431, 0.2086744100772146, 0.27430185032119897, 0.6520120078675867, 0.27805166738696546, 0.5314976468469479, -0.0905430091104023, 0.6259138299170419, 0.4324392082391073, 0.6391394715929396, 1.0458831343667403, 0.5103998493168836, 0.19309304898671162]",53.23279047012329,5
