Best,Time,Evals,Best_solution
0.005680558188042154,669.6684052944183,838,"[[0.6190221005252283, 0.7468804693125494, 0.8393343791227867, 0.14847736757407515, 0.9752342996488179, -0.16865413808712387, 0.638338013088172, 0.811058207120933, -0.007083765393046837, 0.662730258868478]]"
