best fitness,solution,time,evals
2000.0,"[0.18610533467676327, -0.04725808840411988, 0.6952141200994993, 0.6730396049445915, 0.6809982396987819, 0.7456683295100262, 0.4597559322504371, 0.2556595179187544, 0.9555668404794707, 0.1844138601058005, 0.2533364851921017, 0.0649663801650657, 0.25322111090575333, 0.7458136494274814, 0.8508663553022089]",24.47325110435486,5
