best fitness,particula,tiempo,evals
0.008018093274246385,"[0.8584159312208002, -0.0463291127387323, 0.061284601206443856, 0.31939568726876477, 0.23651173580690787, 0.8147928971644977, 0.36663312931912184, 0.6176045369913161, 0.8678611754766435, 0.9418020992624229]",2160.6310002803802,1050
0.0032236424543570113,"[0.7895210042317865, -0.25946430040849155, 0.32156128930653105, 0.9382193592288214, 0.5642844160691681, 0.9256508225014826, 0.002049119559377033, 0.2791463891261211, -0.10516916839024015, 0.6714380773850702]",4717.844734668732,1050
