best fitness,particula,tiempo,evals
2.719254557988472,"[0.922820337143272, 0.7082399647353214, 0.7809053619974967, 0.3256660388903496, 0.040964272761103926, 0.5924447842960631, 0.463216127735107, 0.04934769755734958, 0.9499676232808566, 0.4893069372199178]",35.9891996383667,15
