best fitness,particula,tiempo,evals
0.008464782624685117,"[0.7506944816038289, 0.4118478258446472, 0.595564292337231, 0.619598581447084, 0.5115010872769447, 0.7187487237518875, 0.37610972624831823, 0.6235564186121217, 0.9026198840504853, 0.33103593089475614]",2348.6640117168427,1050
0.007463421664160193,"[0.7911461699736564, 0.21065186857570406, 0.30316051122453397, 0.5730146155307965, 0.3492599744045364, 0.5356362013981346, 0.36794686553656475, 0.6126640559821327, 0.29276524147307287, 0.45537963455243746]",4535.409569978714,1050
