best fitness,particula,tiempo,evals
0.22461674796869113,"[0.13755246530435805, 0.3020992671448538, 0.6608818487808343, 0.02537118043800879, 0.37162950189707056, 0.7187830057465304, 0.6307830452423717, 1.0, 0.9521001696242338, 0.3274815724689889]",57.155298948287964,15
