best fitness,particula,tiempo,evals
0.0036522825014613583,"[0.7598549701646699, 0.40803740809534095, 0.3762921001929638, 0.9695950101513486, 0.589003735286238, 0.7561314862747395, 0.012719004171627718, 0.2850126410558703, 0.41197772371414815, 0.4989728529513251]",2967.4158039093018,50
